Evento,Titulo,Gratuito,Hora,Distrito,Barrio,Codigo,Longitud,Latitud,Tipo,Tipo1,Tipo2
11726744,Goher,1,20:00,RETIRO,ADELFAS,28007,-3.6701340560704026,40.398195733324194,contenido/actividades/Musica,Musica,
11726739,De Sabina a Drexler,1,20:00,RETIRO,ADELFAS,28007,-3.6701340560704026,40.398195733324194,contenido/actividades/Musica,Musica,
11700097,Mujeres Árbol. Exposición,1,,RETIRO,ADELFAS,28007,-3.668092320219012,40.40254931370529,contenido/actividades/Exposiciones,Exposiciones,
11587808,Degustación de felicidad,1,10:00,RETIRO,ADELFAS,28007,-3.668092320219012,40.40254931370529,contenido/actividades/CursosTalleres,CursosTalleres,
11726738,Mr. Robinson,1,20:00,RETIRO,ADELFAS,28007,-3.6701340560704026,40.398195733324194,contenido/actividades/Musica,Musica,
11726742,The Mojo Glove,1,20:00,RETIRO,ADELFAS,28007,-3.6701340560704026,40.398195733324194,contenido/actividades/Musica,Musica,
11726710,Te digo una cosa,1,12:00,RETIRO,ADELFAS,28007,-3.673881351837232,40.39702079232232,contenido/actividades/TeatroPerformance,TeatroPerformance,
11721603,Autodefensa feminista,1,18:00,RETIRO,ADELFAS,28007,-3.668092320219012,40.40254931370529,contenido/actividades/CursosTalleres,CursosTalleres,
11726740,Latinoamérica en tu mano,1,20:00,RETIRO,ADELFAS,28007,-3.6701340560704026,40.398195733324194,contenido/actividades/Musica,Musica,
11731251,'La máquina del tiempo',1,,TETUAN,ALMENARA,28029,-3.6976620067965,40.46903299144094,contenido/actividades/Exposiciones,Exposiciones,
11722972,LA VERBENA DE LA... REVOLTOSA,1,19:00,TETUAN,ALMENARA,28029,-3.6976620067965,40.46903299144094,contenido/actividades/TeatroPerformance,TeatroPerformance,
11722957,"Títeres: 'Efecto Mariposa', a cargo de Sol y Tierra",1,19:00,TETUAN,ALMENARA,28029,-3.6976620067965,40.46903299144094,contenido/actividades/TeatroPerformance,TeatroPerformance,
11722100,¡A todo tren! Destino Asturias,1,22:30,LATINA,ALUCHE,28047,-3.759357295793056,40.392680212409495,contenido/actividades/CuentacuentosTiteresMarionetas,CuentacuentosTiteresMarionetas,
11722102,Jungle Cruise,1,22:30,LATINA,ALUCHE,28047,-3.759357295793056,40.392680212409495,contenido/actividades/CuentacuentosTiteresMarionetas,CuentacuentosTiteresMarionetas,
11704954,"'Mujeres con pluma, cartas escritas por mujeres'",1,,LATINA,ALUCHE,28024,-3.766488547484156,40.39707462511591,contenido/actividades/Exposiciones,Exposiciones,
11722099,Peter Rabbit 2: a la fuga,1,22:30,LATINA,ALUCHE,28047,-3.759357295793056,40.392680212409495,contenido/actividades/CuentacuentosTiteresMarionetas,CuentacuentosTiteresMarionetas,
11722101,Raya y el último dragón,1,22:30,LATINA,ALUCHE,28047,-3.759357295793056,40.392680212409495,contenido/actividades/CuentacuentosTiteresMarionetas,CuentacuentosTiteresMarionetas,
11733453,Hexacorde &amp; Vanesa Muela,1,20:00,LATINA,ALUCHE,28047,-3.744692836307442,40.39420802732146,contenido/actividades/Musica/CantautorFolkCountry,Musica,CantautorFolkCountry
11730732,Programa de actividades en el Centro Cultural Fernando de los Ríos (Latina),1,,LATINA,ALUCHE,28047,-3.7562667464373214,40.39552931214334,contenido/actividades/DanzaBaile/FolcloreEtnica,DanzaBaile,FolcloreEtnica
11729606,Nostalgia Cubana,1,19:30,SAN BLAS-CANILLEJAS,ARCOS,28037,-3.621741078700336,40.42027705095574,contenido/actividades/Musica,Musica,
11630658,Exposición permanente de las obras del escultor Andrés Lasanta,1,,SAN BLAS-CANILLEJAS,ARCOS,28037,-3.621741078700336,40.42027705095574,contenido/actividades/Exposiciones,Exposiciones,
11718582,Pongamos que hablo de Madrid,1,,SAN BLAS-CANILLEJAS,ARCOS,28037,-3.621741078700336,40.42027705095574,contenido/actividades/Exposiciones,Exposiciones,
11708895,Las brujas de Roald Dahl,1,22:15,CARABANCHEL,BUENAVISTA,28054,-3.757402071835875,40.36434144869983,contenido/actividades/CineActividadesAudiovisuales,CineActividadesAudiovisuales,
11709212,Le Mans'66,1,22:15,CARABANCHEL,BUENAVISTA,28054,-3.757402071835875,40.36434144869983,contenido/actividades/CineActividadesAudiovisuales,CineActividadesAudiovisuales,
11603214,Iniciación al rol,1,16:00,CARABANCHEL,BUENAVISTA,28044,-3.755451103709316,40.3668227041488,contenido/actividades/DanzaBaile/FolcloreEtnica,DanzaBaile,FolcloreEtnica
11709230,Los Croods: una nueva era,1,22:15,CARABANCHEL,BUENAVISTA,28054,-3.757402071835875,40.36434144869983,contenido/actividades/CineActividadesAudiovisuales,CineActividadesAudiovisuales,
11709233,García y García,1,22:15,CARABANCHEL,BUENAVISTA,28054,-3.757402071835875,40.36434144869983,contenido/actividades/CineActividadesAudiovisuales,CineActividadesAudiovisuales,
11708885,Cómo entrar a tu dragón 3,1,22:15,CARABANCHEL,BUENAVISTA,28054,-3.757402071835875,40.36434144869983,contenido/actividades/CineActividadesAudiovisuales,CineActividadesAudiovisuales,
11709222,Minari. Historia de mi familia,1,22:15,CARABANCHEL,BUENAVISTA,28054,-3.757402071835875,40.36434144869983,contenido/actividades/CineActividadesAudiovisuales,CineActividadesAudiovisuales,
11720111,Masterchef,1,10:00,CARABANCHEL,BUENAVISTA,28044,-3.755451103709316,40.3668227041488,contenido/actividades/DanzaBaile/FolcloreEtnica,DanzaBaile,FolcloreEtnica
11720085,Taller de Henna,1,19:00,CARABANCHEL,BUENAVISTA,28044,-3.755451103709316,40.3668227041488,contenido/actividades/DanzaBaile/FolcloreEtnica,DanzaBaile,FolcloreEtnica
11720125,Rol en vivo,1,17:00,CARABANCHEL,BUENAVISTA,28044,-3.755451103709316,40.3668227041488,contenido/actividades/DanzaBaile/FolcloreEtnica,DanzaBaile,FolcloreEtnica
11669364,Rol en vivo,1,17:00,CARABANCHEL,BUENAVISTA,28044,-3.755451103709316,40.3668227041488,contenido/actividades/DanzaBaile/FolcloreEtnica,DanzaBaile,FolcloreEtnica
11730746,Programa de actividades en el Centro Cultural Sara Montiel (Latina),1,,LATINA,CAMPAMENTO,28024,-3.775144917950534,40.39976467763712,contenido/actividades/TeatroPerformance/ComediaMonologo,TeatroPerformance,ComediaMonologo
11727161,Relaciones de pareja en construcción,1,18:00,HORTALEZA,CANILLAS,28043,-3.6501714580414126,40.46155641637237,contenido/actividades/CursosTalleres,CursosTalleres,
11727204,Caminando por Madrid. Ciudad amigable.,1,09:30,HORTALEZA,CANILLAS,28043,-3.6501714580414126,40.46155641637237,contenido/actividades/ExcursionesItinerariosVisitas,ExcursionesItinerariosVisitas,
11707731,Exposición Ref(her)ents,1,10:00,HORTALEZA,CANILLAS,28043,-3.6501714580414126,40.46155641637237,contenido/actividades/Exposiciones,Exposiciones,
11580799,"Bengala, una vida en doce asaltos (Hortaleza)",1,19:00,HORTALEZA,CANILLAS,28043,-3.6544210187969433,40.46088953531134,contenido/actividades/1ciudad21distritos,1ciudad21distritos,
11727156,"Espacio mensual para el recuerdo de las mujeres, niñas y niños, víctimas de violencia machista",1,19:00,HORTALEZA,CANILLAS,28043,-3.6501714580414126,40.46155641637237,contenido/actividades/CursosTalleres,CursosTalleres,
11727072,Siento y me escucho,1,12:00,HORTALEZA,CANILLAS,28043,-3.6501714580414126,40.46155641637237,contenido/actividades/CursosTalleres,CursosTalleres,
11722259,Formación a profesionales: la trata de mujeres y niñas con fines de explotación sexual,1,12:00,SAN BLAS-CANILLEJAS,CANILLEJAS,28022,-3.606916137721353,40.44900396754908,contenido/actividades/CursosTalleres,CursosTalleres,
11724986,Mandatos familiares. Grupo tarde,1,17:00,SAN BLAS-CANILLEJAS,CANILLEJAS,28022,-3.606916137721353,40.44900396754908,contenido/actividades/CursosTalleres,CursosTalleres,
11724985,Mandatos familiares. Grupo mañana,1,10:30,SAN BLAS-CANILLEJAS,CANILLEJAS,28022,-3.606916137721353,40.44900396754908,contenido/actividades/CursosTalleres,CursosTalleres,
11718481,Cine Karaoke:Sonrisas y lágrimas + performance,1,22:15,SAN BLAS-CANILLEJAS,CANILLEJAS,28022,-3.611169305772912,40.44260378345522,contenido/actividades/CineActividadesAudiovisuales,CineActividadesAudiovisuales,
11640920,Sanando en red,1,,SAN BLAS-CANILLEJAS,CANILLEJAS,28022,-3.606916137721353,40.44900396754908,contenido/actividades/Exposiciones,Exposiciones,
11718541,Peter Rabbit 2 The Runaway a la fuga + animación,1,22:15,SAN BLAS-CANILLEJAS,CANILLEJAS,28022,-3.611169305772912,40.44260378345522,contenido/actividades/CineActividadesAudiovisuales,CineActividadesAudiovisuales,
11718562,La estrella de los simios,1,22:15,SAN BLAS-CANILLEJAS,CANILLEJAS,28022,-3.611169305772912,40.44260378345522,contenido/actividades/CineActividadesAudiovisuales,CineActividadesAudiovisuales,
11718399,El cover + corto,1,,SAN BLAS-CANILLEJAS,CANILLEJAS,28022,-3.611169305772912,40.44260378345522,contenido/actividades/CineActividadesAudiovisuales,CineActividadesAudiovisuales,
11681615,'Orquesta Espontánea de Jazz' - Moncloa - Aravaca,1,20:00,MONCLOA-ARAVACA,CASA DE CAMPO,28008,-3.716531855540272,40.42425096551599,contenido/actividades/1ciudad21distritos,1ciudad21distritos,
11732911,Música en el Templete II - Parque del Oeste 2022,1,21:30,MONCLOA-ARAVACA,CASA DE CAMPO,28008,-3.719327791504915,40.424449819646256,contenido/actividades/Musica/CantautorFolkCountry,Musica,CantautorFolkCountry
11691779,92 Años no son nada,1,,VILLA DE VALLECAS,CASCO H.VALLECAS,28031,-3.623110349262379,40.37958461816216,contenido/actividades/Exposiciones,Exposiciones,
11507545,Exposición 'Sanando en red: sanación colectiva frente a la violencia machista',1,,VICALVARO,CASCO H.VICALVARO,28032,-3.6072257008596313,40.40274516135535,contenido/actividades/Exposiciones,Exposiciones,
11712354,Natalia Baeza.,1,20:00,VICALVARO,CASCO H.VICALVARO,28032,-3.621281890570377,40.39982891410407,contenido/actividades/Musica,Musica,
11712352,Eva María Cortés,1,20:00,VICALVARO,CASCO H.VICALVARO,28032,-3.621281890570377,40.39982891410407,contenido/actividades/Musica,Musica,
11698141,Confluencias: intersecciones entre palabra e imagen,1,12:00,CENTRO,CENTRO,28015,-3.7106116887809817,40.42737760210632,contenido/actividades/Exposiciones,Exposiciones,
11728180,Reencantar a las bestias de la laguna,0,,ARGANZUELA,CHOPERA,28045,-3.6972067902718897,40.39245798191536,contenido/actividades/CursosTalleres,CursosTalleres,
11586986,The Murder of Crows,0,,ARGANZUELA,CHOPERA,28045,-3.695807289289216,40.3910548685872,contenido/actividades/Exposiciones,Exposiciones,
11712404,Escuela de adultos de Arganzuela. Curso 2022 - 2023,0,,ARGANZUELA,CHOPERA,28045,-3.698565632659468,40.3933877847248,contenido/actividades/CursosTalleres,CursosTalleres,
11724229,Paraíso perdido,1,,ARGANZUELA,CHOPERA,28045,-3.7000855961559855,40.394522745106734,contenido/actividades/Exposiciones,Exposiciones,
11474686,Talleres para colegios (ESO y Bachillerato),0,,ARGANZUELA,CHOPERA,28045,-3.695807289289216,40.3910548685872,contenido/actividades/CursosTalleres,CursosTalleres,
11583239,Lo que no se puede contar,0,,ARGANZUELA,CHOPERA,28045,-3.697259467865366,40.39241367848808,contenido/actividades/ProgramacionDestacadaAgendaCultura,ProgramacionDestacadaAgendaCultura,
11648049,Visitas Matadero,0,,ARGANZUELA,CHOPERA,28045,-3.695807289289216,40.3910548685872,contenido/actividades/ActividadesCalleArteUrbano,ActividadesCalleArteUrbano,
11543297,Las cosas de mis abuelos,0,,ARGANZUELA,CHOPERA,28045,-3.697247685884226,40.39241374953321,contenido/actividades/Exposiciones,Exposiciones,
11491186,Zenvoid Studio - Desarrollo de videojuegos,0,,ARGANZUELA,CHOPERA,28045,-3.6972067902718897,40.39245798191536,contenido/actividades/ProgramacionDestacadaAgendaCultura,ProgramacionDestacadaAgendaCultura,
11694585,KLIMT. La experiencia inmersiva,0,,ARGANZUELA,CHOPERA,28045,-3.695807289289216,40.3910548685872,contenido/actividades/ProgramacionDestacadaAgendaCultura,ProgramacionDestacadaAgendaCultura,
11648046,Visitas familiares a Matadero,0,,ARGANZUELA,CHOPERA,28045,-3.695807289289216,40.3910548685872,contenido/actividades/ActividadesCalleArteUrbano,ActividadesCalleArteUrbano,
11639450,Campamento de Inglés y Teatro,0,,ARGANZUELA,CHOPERA,28045,-3.695807289289216,40.3910548685872,contenido/actividades/Campamentos,Campamentos,
11558229,Cima en corto,0,,ARGANZUELA,CHOPERA,28045,-3.695807971926008,40.391053041229135,contenido/actividades/ProgramacionDestacadaAgendaCultura,ProgramacionDestacadaAgendaCultura,
11558194,Ciclo Docma,0,,ARGANZUELA,CHOPERA,28045,-3.695807971926008,40.391053041229135,contenido/actividades/ProgramacionDestacadaAgendaCultura,ProgramacionDestacadaAgendaCultura,
11708837,El agente topo,1,22:15,CARABANCHEL,COMILLAS,28019,-3.7141505979369023,40.39191419121823,contenido/actividades/CineActividadesAudiovisuales,CineActividadesAudiovisuales,
11709016,Los Japón,1,22:15,CARABANCHEL,COMILLAS,28019,-3.7141505979369023,40.39191419121823,contenido/actividades/CineActividadesAudiovisuales,CineActividadesAudiovisuales,
11709043,Pinocho,1,22:15,CARABANCHEL,COMILLAS,28019,-3.7141505979369023,40.39191419121823,contenido/actividades/CineActividadesAudiovisuales,CineActividadesAudiovisuales,
11709036,Godzilla vs Kong,1,22:15,CARABANCHEL,COMILLAS,28019,-3.7141505979369023,40.39191419121823,contenido/actividades/CineActividadesAudiovisuales,CineActividadesAudiovisuales,
11709027,El padre,1,22:15,CARABANCHEL,COMILLAS,28019,-3.7141505979369023,40.39191419121823,contenido/actividades/CineActividadesAudiovisuales,CineActividadesAudiovisuales,
11708833,Trolls 2: gira mundial,1,22:15,CARABANCHEL,COMILLAS,28019,-3.7141505979369023,40.39191419121823,contenido/actividades/CineActividadesAudiovisuales,CineActividadesAudiovisuales,
11729195,El Arte De Vivir Bajo La Lluvia,1,22:00,CIUDAD LINEAL,CONCEPCION,28027,-3.6504096146979457,40.43629956289038,contenido/actividades/ProgramacionDestacadaAgendaCultura,ProgramacionDestacadaAgendaCultura,
11729123,El Cano y Magallanes,1,22:00,CIUDAD LINEAL,CONCEPCION,28027,-3.6504096146979457,40.43629956289038,contenido/actividades/ProgramacionDestacadaAgendaCultura,ProgramacionDestacadaAgendaCultura,
11729156,Foto De Familia,1,22:00,CIUDAD LINEAL,CONCEPCION,28027,-3.6504096146979457,40.43629956289038,contenido/actividades/ProgramacionDestacadaAgendaCultura,ProgramacionDestacadaAgendaCultura,
11730646,First Cow,1,22:00,CIUDAD LINEAL,CONCEPCION,28027,-3.6504096146979457,40.43629956289038,contenido/actividades/ProgramacionDestacadaAgendaCultura,ProgramacionDestacadaAgendaCultura,
11728456,"Minari, Historia De Mi Familia",1,22:00,CIUDAD LINEAL,CONCEPCION,28027,-3.6504096146979457,40.43629956289038,contenido/actividades/ProgramacionDestacadaAgendaCultura,ProgramacionDestacadaAgendaCultura,
11729190,El Jinete Del Dragón,1,22:00,CIUDAD LINEAL,CONCEPCION,28027,-3.6504096146979457,40.43629956289038,contenido/actividades/ProgramacionDestacadaAgendaCultura,ProgramacionDestacadaAgendaCultura,
11729178,Una Veterinaria En La Borgoña,1,22:00,CIUDAD LINEAL,CONCEPCION,28027,-3.6504096146979457,40.43629956289038,contenido/actividades/ProgramacionDestacadaAgendaCultura,ProgramacionDestacadaAgendaCultura,
11729151,Puñales Por La Espalda,1,22:00,CIUDAD LINEAL,CONCEPCION,28027,-3.6504096146979457,40.43629956289038,contenido/actividades/ProgramacionDestacadaAgendaCultura,ProgramacionDestacadaAgendaCultura,
11729126,La Voz Dormida,1,22:00,CIUDAD LINEAL,CONCEPCION,28027,-3.6504096146979457,40.43629956289038,contenido/actividades/ProgramacionDestacadaAgendaCultura,ProgramacionDestacadaAgendaCultura,
11729138,La Última Gran Estafa,1,22:00,CIUDAD LINEAL,CONCEPCION,28027,-3.6504096146979457,40.43629956289038,contenido/actividades/ProgramacionDestacadaAgendaCultura,ProgramacionDestacadaAgendaCultura,
11729209,Cats,1,22:00,CIUDAD LINEAL,CONCEPCION,28027,-3.6504096146979457,40.43629956289038,contenido/actividades/ProgramacionDestacadaAgendaCultura,ProgramacionDestacadaAgendaCultura,
11728490,LA Mujer Del Espía,1,22:00,CIUDAD LINEAL,CONCEPCION,28027,-3.6504096146979457,40.43629956289038,contenido/actividades/ProgramacionDestacadaAgendaCultura,ProgramacionDestacadaAgendaCultura,
11729204,Rocketman,1,22:00,CIUDAD LINEAL,CONCEPCION,28027,-3.6504096146979457,40.43629956289038,contenido/actividades/ProgramacionDestacadaAgendaCultura,ProgramacionDestacadaAgendaCultura,
11729131,Adú,1,22:00,CIUDAD LINEAL,CONCEPCION,28027,-3.6504096146979457,40.43629956289038,contenido/actividades/ProgramacionDestacadaAgendaCultura,ProgramacionDestacadaAgendaCultura,
11729145,"Nunca, Casi Nunca, A Veces, Siempre",1,22:00,CIUDAD LINEAL,CONCEPCION,28027,-3.6504096146979457,40.43629956289038,contenido/actividades/ProgramacionDestacadaAgendaCultura,ProgramacionDestacadaAgendaCultura,
11728503,La Librería,1,22:00,CIUDAD LINEAL,CONCEPCION,28027,-3.6504096146979457,40.43629956289038,contenido/actividades/ProgramacionDestacadaAgendaCultura,ProgramacionDestacadaAgendaCultura,
11728462,Adam,1,22:00,CIUDAD LINEAL,CONCEPCION,28027,-3.6504096146979457,40.43629956289038,contenido/actividades/ProgramacionDestacadaAgendaCultura,ProgramacionDestacadaAgendaCultura,
11730663,El Amor Está En El Agua,1,22:00,CIUDAD LINEAL,CONCEPCION,28027,-3.6504096146979457,40.43629956289038,contenido/actividades/ProgramacionDestacadaAgendaCultura,ProgramacionDestacadaAgendaCultura,
11729200,Poliamor Para Principiantes,1,22:00,CIUDAD LINEAL,CONCEPCION,28027,-3.6504096146979457,40.43629956289038,contenido/actividades/ProgramacionDestacadaAgendaCultura,ProgramacionDestacadaAgendaCultura,
11728500,Corpus Christi,1,22:00,CIUDAD LINEAL,CONCEPCION,28027,-3.6504096146979457,40.43629956289038,contenido/actividades/ProgramacionDestacadaAgendaCultura,ProgramacionDestacadaAgendaCultura,
11729162,Una Ventana Al Mar,1,22:00,CIUDAD LINEAL,CONCEPCION,28027,-3.6504096146979457,40.43629956289038,contenido/actividades/ProgramacionDestacadaAgendaCultura,ProgramacionDestacadaAgendaCultura,
11729185,Una Joven Prometedora,1,22:00,CIUDAD LINEAL,CONCEPCION,28027,-3.6504096146979457,40.43629956289038,contenido/actividades/ProgramacionDestacadaAgendaCultura,ProgramacionDestacadaAgendaCultura,
11730654,Una Vez Más,1,22:00,CIUDAD LINEAL,CONCEPCION,28027,-3.6504096146979457,40.43629956289038,contenido/actividades/ProgramacionDestacadaAgendaCultura,ProgramacionDestacadaAgendaCultura,
11730675,Otra Ronda,1,22:00,CIUDAD LINEAL,CONCEPCION,28027,-3.6504096146979457,40.43629956289038,contenido/actividades/ProgramacionDestacadaAgendaCultura,ProgramacionDestacadaAgendaCultura,
11728439,Rompiendo Las Normas,1,22:00,CIUDAD LINEAL,CONCEPCION,28027,-3.6504096146979457,40.43629956289038,contenido/actividades/ProgramacionDestacadaAgendaCultura,ProgramacionDestacadaAgendaCultura,
11730678,1917,1,22:00,CIUDAD LINEAL,CONCEPCION,28027,-3.6504096146979457,40.43629956289038,contenido/actividades/ProgramacionDestacadaAgendaCultura,ProgramacionDestacadaAgendaCultura,
11730669,Judy,1,22:00,CIUDAD LINEAL,CONCEPCION,28027,-3.6504096146979457,40.43629956289038,contenido/actividades/ProgramacionDestacadaAgendaCultura,ProgramacionDestacadaAgendaCultura,
11728442,Bajo Las Estrellas De París,1,22:00,CIUDAD LINEAL,CONCEPCION,28027,-3.6504096146979457,40.43629956289038,contenido/actividades/ProgramacionDestacadaAgendaCultura,ProgramacionDestacadaAgendaCultura,
11729173,Mi Hermano Persigue Dinosaurios,1,22:00,CIUDAD LINEAL,CONCEPCION,28027,-3.6504096146979457,40.43629956289038,contenido/actividades/ProgramacionDestacadaAgendaCultura,ProgramacionDestacadaAgendaCultura,
11728495,Tomboy,1,22:00,CIUDAD LINEAL,CONCEPCION,28027,-3.6504096146979457,40.43629956289038,contenido/actividades/ProgramacionDestacadaAgendaCultura,ProgramacionDestacadaAgendaCultura,
11693853,Aulas,0,,CENTRO,CORTES,28012,-3.7001663599562105,40.41482868269558,contenido/actividades/TeatroPerformance,TeatroPerformance,
11693824,La noria invisible,0,19:30,CENTRO,CORTES,28012,-3.7001663599562105,40.41482868269558,contenido/actividades/TeatroPerformance,TeatroPerformance,
11715061,Cuentos y leyendas de Japón,0,19:00,CENTRO,CORTES,28012,-3.7001663599562105,40.41482868269558,contenido/actividades/ProgramacionDestacadaAgendaCultura,ProgramacionDestacadaAgendaCultura,
11715064,"Mukashi, mukashi",0,19:00,CENTRO,CORTES,28012,-3.7001663599562105,40.41482868269558,contenido/actividades/ProgramacionDestacadaAgendaCultura,ProgramacionDestacadaAgendaCultura,
11715055,La casa de los dedos,0,20:00,CENTRO,CORTES,28012,-3.7001663599562105,40.41482868269558,contenido/actividades/ProgramacionDestacadaAgendaCultura,ProgramacionDestacadaAgendaCultura,
11693830,El encanto de una hora,0,,CENTRO,CORTES,28012,-3.7001663599562105,40.41482868269558,contenido/actividades/TeatroPerformance,TeatroPerformance,
11693997,Camerino,0,,CENTRO,CORTES,28012,-3.7001663599562105,40.41482868269558,contenido/actividades/Exposiciones,Exposiciones,
11727570,Funciones Accesibles,0,,CENTRO,CORTES,28012,-3.7001663599562105,40.41482868269558,contenido/actividades/ProgramacionDestacadaAgendaCultura,ProgramacionDestacadaAgendaCultura,
11693827,Queen Lear,0,,CENTRO,CORTES,28012,-3.7001663599562105,40.41482868269558,contenido/actividades/TeatroPerformance,TeatroPerformance,
11693871,La luna en un cazo,0,,CENTRO,CORTES,28012,-3.7001663599562105,40.41482868269558,contenido/actividades/ProgramacionDestacadaAgendaCultura,ProgramacionDestacadaAgendaCultura,
11694006,La voluntad de creer,0,19:30,CENTRO,CORTES,28012,-3.7001663599562105,40.41482868269558,contenido/actividades/TeatroPerformance,TeatroPerformance,
11693994,Naves del Español 15 años,0,,CENTRO,CORTES,28012,-3.7001663599562105,40.41482868269558,contenido/actividades/ProgramacionDestacadaAgendaCultura,ProgramacionDestacadaAgendaCultura,
11694000,Género imposible,0,,CENTRO,CORTES,28012,-3.7001663599562105,40.41482868269558,contenido/actividades/ProgramacionDestacadaAgendaCultura,ProgramacionDestacadaAgendaCultura,
11586239,I Programa de residencias artísticas de audiovisual para las artes escénicas,0,,CENTRO,CORTES,28012,-3.7001663599562105,40.41482868269558,contenido/actividades/ProgramacionDestacadaAgendaCultura,ProgramacionDestacadaAgendaCultura,
11433441,Canta,1,22:00,FUENCARRAL-EL PARDO,EL GOLOSO,28049,-3.685946562681175,40.51635495615339,contenido/actividades/ActividadesCalleArteUrbano,ActividadesCalleArteUrbano,
11433444,Troll 2: Gira mundial,1,22:00,FUENCARRAL-EL PARDO,EL GOLOSO,28049,-3.685946562681175,40.51635495615339,contenido/actividades/ActividadesCalleArteUrbano,ActividadesCalleArteUrbano,
10956045,Campamento Urbano CSC Montecarmelo segunda quincena,1,,FUENCARRAL-EL PARDO,EL GOLOSO,28049,-3.685946562681175,40.51635495615339,contenido/actividades/Campamentos,Campamentos,
11433443,El mejor verano de mi vida,1,22:00,FUENCARRAL-EL PARDO,EL GOLOSO,28049,-3.685946562681175,40.51635495615339,contenido/actividades/ActividadesCalleArteUrbano,ActividadesCalleArteUrbano,
11433048,Forrest Gump,1,22:00,FUENCARRAL-EL PARDO,EL PARDO,28048,-3.775378753356757,40.5186002228516,contenido/actividades/ActividadesCalleArteUrbano,ActividadesCalleArteUrbano,
11433043,Maléfica maestra del mal,1,22:00,FUENCARRAL-EL PARDO,EL PARDO,28048,-3.775378753356757,40.5186002228516,contenido/actividades/ActividadesCalleArteUrbano,ActividadesCalleArteUrbano,
11433041,Los Futbolísimos,1,22:00,FUENCARRAL-EL PARDO,EL PARDO,28048,-3.775378753356757,40.5186002228516,contenido/actividades/ActividadesCalleArteUrbano,ActividadesCalleArteUrbano,
11433047,Raya y el último Dragón,1,22:00,FUENCARRAL-EL PARDO,EL PARDO,28048,-3.775378753356757,40.5186002228516,contenido/actividades/ActividadesCalleArteUrbano,ActividadesCalleArteUrbano,
11433053,Spirit: Indomable,1,22:00,FUENCARRAL-EL PARDO,EL PARDO,28048,-3.775378753356757,40.5186002228516,contenido/actividades/ActividadesCalleArteUrbano,ActividadesCalleArteUrbano,
11433046,El niño que pudo ser Rey,1,22:00,FUENCARRAL-EL PARDO,EL PARDO,28048,-3.775378753356757,40.5186002228516,contenido/actividades/ActividadesCalleArteUrbano,ActividadesCalleArteUrbano,
10358869,Campamento Urbano CSC Alfonso XII segunda quincena,1,,FUENCARRAL-EL PARDO,EL PARDO,28048,-3.7779055687726535,40.519673311658686,contenido/actividades/Campamentos,Campamentos,
11433040,En un barrio de Nueva York,1,22:00,FUENCARRAL-EL PARDO,EL PARDO,28048,-3.775378753356757,40.5186002228516,contenido/actividades/ActividadesCalleArteUrbano,ActividadesCalleArteUrbano,
11428798,Cuentos de quita y pon,1,20:00,FUENCARRAL-EL PARDO,EL PARDO,28048,-3.775378753356757,40.5186002228516,contenido/actividades/CuentacuentosTiteresMarionetas,CuentacuentosTiteresMarionetas,
11428868,Las desventuras del Pollo Pepe,1,20:00,FUENCARRAL-EL PARDO,EL PARDO,28048,-3.775378753356757,40.5186002228516,contenido/actividades/CuentacuentosTiteresMarionetas,CuentacuentosTiteresMarionetas,
11718821,Orquesta Platino,1,20:00,FUENCARRAL-EL PARDO,EL PILAR,28029,-3.711297805142757,40.48016602497203,contenido/actividades/ItinerariosOtrasActividadesAmbientales,ItinerariosOtrasActividadesAmbientales,
11718835,Discoteca móvil. Compañía D?J Dragos,1,20:00,FUENCARRAL-EL PARDO,EL PILAR,28029,-3.711297805142757,40.48016602497203,contenido/actividades/ItinerariosOtrasActividadesAmbientales,ItinerariosOtrasActividadesAmbientales,
11718840,Concierto Jazz. Las compositoras detras del Jazz,1,20:00,FUENCARRAL-EL PARDO,EL PILAR,28029,-3.711297805142757,40.48016602497203,contenido/actividades/ItinerariosOtrasActividadesAmbientales,ItinerariosOtrasActividadesAmbientales,
11429146,"Aventuras en el bosque, la fiesta de la amistad",1,19:00,FUENCARRAL-EL PARDO,EL PILAR,28029,-3.711297805142757,40.48016602497203,contenido/actividades/CuentacuentosTiteresMarionetas,CuentacuentosTiteresMarionetas,
11718841,Orquesta Madelon,1,20:00,FUENCARRAL-EL PARDO,EL PILAR,28029,-3.711297805142757,40.48016602497203,contenido/actividades/ItinerariosOtrasActividadesAmbientales,ItinerariosOtrasActividadesAmbientales,
11428865,Cuéntame un cuento,1,20:00,FUENCARRAL-EL PARDO,EL PILAR,28029,-3.711297805142757,40.48016602497203,contenido/actividades/CuentacuentosTiteresMarionetas,CuentacuentosTiteresMarionetas,
11429167,Un dia en la granja,1,19:00,FUENCARRAL-EL PARDO,EL PILAR,28029,-3.711297805142757,40.48016602497203,contenido/actividades/CuentacuentosTiteresMarionetas,CuentacuentosTiteresMarionetas,
10956387,Campamento Urbano CC La Vaguada segundo turno,1,,FUENCARRAL-EL PARDO,EL PILAR,28029,-3.709138377702435,40.47900813206291,contenido/actividades/Campamentos,Campamentos,
11433111,Nomadland,1,22:00,FUENCARRAL-EL PARDO,EL PILAR,28029,-3.711297805142757,40.48016602497203,contenido/actividades/ActividadesCalleArteUrbano,ActividadesCalleArteUrbano,
11718843,Discoteca móvil,1,19:00,FUENCARRAL-EL PARDO,EL PILAR,28029,-3.711297805142757,40.48016602497203,contenido/actividades/ItinerariosOtrasActividadesAmbientales,ItinerariosOtrasActividadesAmbientales,
11433108,Dora la Ciudad Perdida,1,22:00,FUENCARRAL-EL PARDO,EL PILAR,28029,-3.711297805142757,40.48016602497203,contenido/actividades/ActividadesCalleArteUrbano,ActividadesCalleArteUrbano,
11429136,Mi tio el Detective en busca de la Momia perdida,1,20:00,FUENCARRAL-EL PARDO,EL PILAR,28029,-3.711297805142757,40.48016602497203,contenido/actividades/CuentacuentosTiteresMarionetas,CuentacuentosTiteresMarionetas,
11675620,Lecturas dramatizadas,1,17:00,FUENCARRAL-EL PARDO,EL PILAR,28029,-3.709440834297995,40.47860087334554,contenido/actividades/TeatroPerformance,TeatroPerformance,
11433082,Las Brujas de Roald Dahl,1,22:00,FUENCARRAL-EL PARDO,EL PILAR,28029,-3.711297805142757,40.48016602497203,contenido/actividades/ActividadesCalleArteUrbano,ActividadesCalleArteUrbano,
11429018,Risas en la granja,1,20:00,FUENCARRAL-EL PARDO,EL PILAR,28029,-3.711297805142757,40.48016602497203,contenido/actividades/CuentacuentosTiteresMarionetas,CuentacuentosTiteresMarionetas,
11433109,Animales fantásticoa: Los crímenes de Grindelwald,1,22:00,FUENCARRAL-EL PARDO,EL PILAR,28029,-3.711297805142757,40.48016602497203,contenido/actividades/ActividadesCalleArteUrbano,ActividadesCalleArteUrbano,
10956383,Campamento Urbano CC La Vaguada primer turno,1,,FUENCARRAL-EL PARDO,EL PILAR,28029,-3.709138377702435,40.47900813206291,contenido/actividades/Campamentos,Campamentos,
11433121,Space Jam 2: Nuevas Leyendas,1,22:00,FUENCARRAL-EL PARDO,EL PILAR,28029,-3.711297805142757,40.48016602497203,contenido/actividades/ActividadesCalleArteUrbano,ActividadesCalleArteUrbano,
11704262,Campamentos Urbanos  CC La Vaguada segunda quincena,1,,FUENCARRAL-EL PARDO,EL PILAR,28029,-3.709138377702435,40.47900813206291,contenido/actividades/Campamentos,Campamentos,
11678622,Let's practice english!,1,18:30,FUENCARRAL-EL PARDO,EL PILAR,28029,-3.709440834297995,40.47860087334554,contenido/actividades/CursosTalleres,CursosTalleres,
11428966,Chamba Chimbi,1,20:00,FUENCARRAL-EL PARDO,EL PILAR,28029,-3.711297805142757,40.48016602497203,contenido/actividades/CuentacuentosTiteresMarionetas,CuentacuentosTiteresMarionetas,
11718842,Actuación Flamenco. Sueños,1,19:00,FUENCARRAL-EL PARDO,EL PILAR,28029,-3.711297805142757,40.48016602497203,contenido/actividades/ItinerariosOtrasActividadesAmbientales,ItinerariosOtrasActividadesAmbientales,
11429165,El Cumple de Cucudrulito,1,19:00,FUENCARRAL-EL PARDO,EL PILAR,28029,-3.711297805142757,40.48016602497203,contenido/actividades/CuentacuentosTiteresMarionetas,CuentacuentosTiteresMarionetas,
11718834,Actuación Flamenco. Al son de los platillos,1,20:00,FUENCARRAL-EL PARDO,EL PILAR,28029,-3.711297805142757,40.48016602497203,contenido/actividades/ItinerariosOtrasActividadesAmbientales,ItinerariosOtrasActividadesAmbientales,
11433081,Cinema Paraiso,1,22:00,FUENCARRAL-EL PARDO,EL PILAR,28029,-3.711297805142757,40.48016602497203,contenido/actividades/ActividadesCalleArteUrbano,ActividadesCalleArteUrbano,
11429138,Chiflin Chiflan el panadero y el pan,1,19:00,FUENCARRAL-EL PARDO,EL PILAR,28029,-3.711297805142757,40.48016602497203,contenido/actividades/CuentacuentosTiteresMarionetas,CuentacuentosTiteresMarionetas,
11429166,Esos Monstruos me hacen reir,1,19:00,FUENCARRAL-EL PARDO,EL PILAR,28029,-3.711297805142757,40.48016602497203,contenido/actividades/CuentacuentosTiteresMarionetas,CuentacuentosTiteresMarionetas,
11429158,Pulgarcita Detective,1,19:00,FUENCARRAL-EL PARDO,EL PILAR,28029,-3.711297805142757,40.48016602497203,contenido/actividades/CuentacuentosTiteresMarionetas,CuentacuentosTiteresMarionetas,
11433086,Uno para todos,1,22:00,FUENCARRAL-EL PARDO,EL PILAR,28029,-3.711297805142757,40.48016602497203,contenido/actividades/ActividadesCalleArteUrbano,ActividadesCalleArteUrbano,
11721224,Carlos Giménez. Memoria fotográfica en viñetas,1,,PUENTE DE VALLECAS,ENTREVIAS,28053,-3.671865800666191,40.386293684801885,contenido/actividades/Exposiciones,Exposiciones,
11660377,Muerdo - Puente de Vallecas,1,20:00,PUENTE DE VALLECAS,ENTREVIAS,28053,-3.66025460649054,40.3735856436473,contenido/actividades/1ciudad21distritos,1ciudad21distritos,
11721743,Con quién viajas,1,22:00,RETIRO,ESTRELLA,28007,-3.662606100328213,40.41641041087398,contenido/actividades/CineActividadesAudiovisuales,CineActividadesAudiovisuales,
11722905,Mortal kombat,1,22:00,RETIRO,ESTRELLA,28007,-3.662606100328213,40.41641041087398,contenido/actividades/CineActividadesAudiovisuales,CineActividadesAudiovisuales,
11722996,García y García,1,22:00,RETIRO,ESTRELLA,28007,-3.662606100328213,40.41641041087398,contenido/actividades/CineActividadesAudiovisuales,CineActividadesAudiovisuales,
11722900,Las brujas,1,22:00,RETIRO,ESTRELLA,28007,-3.662606100328213,40.41641041087398,contenido/actividades/CineActividadesAudiovisuales,CineActividadesAudiovisuales,
11722987,En un barrio de Nueva York,1,22:00,RETIRO,ESTRELLA,28007,-3.662606100328213,40.41641041087398,contenido/actividades/CineActividadesAudiovisuales,CineActividadesAudiovisuales,
11721748,The little things,1,22:00,RETIRO,ESTRELLA,28007,-3.662606100328213,40.41641041087398,contenido/actividades/CineActividadesAudiovisuales,CineActividadesAudiovisuales,
11724041,Nunca pasa nada,1,22:00,RETIRO,ESTRELLA,28007,-3.662606100328213,40.41641041087398,contenido/actividades/CineActividadesAudiovisuales,CineActividadesAudiovisuales,
11733868,Pedro Bonilla Arroyo,1,,SALAMANCA,FUENTE DEL BERRO,28028,-3.662968075865235,40.42206601994432,contenido/actividades/Exposiciones,Exposiciones,
11733856,Carlota y sus mascotas al rescate de los cuentos,1,12:00,SALAMANCA,FUENTE DEL BERRO,28028,-3.662968075865235,40.42206601994432,contenido/actividades/TeatroPerformance,TeatroPerformance,
11733847,Pulgarcita detective,1,12:00,SALAMANCA,FUENTE DEL BERRO,28028,-3.662968075865235,40.42206601994432,contenido/actividades/TeatroPerformance,TeatroPerformance,
11709213,Antonio Marina y Juan Luis Toribio,1,,SALAMANCA,FUENTE DEL BERRO,28028,-3.662968075865235,40.42206601994432,contenido/actividades/Exposiciones,Exposiciones,
11453080,Exposición 'Sanando en RED: Manos que encienden 'luces'. Laboratorio fotográfico para la sanación colectiva frente a la violencia machista,1,,CHAMBERI,GAZTAMBIDE,28015,-3.7143358486689415,40.43395826096096,contenido/actividades/Exposiciones,Exposiciones,
11715933,Libertad + corto,1,22:15,SAN BLAS-CANILLEJAS,HELLIN,28037,-3.622184001035289,40.42996840999023,contenido/actividades/CineActividadesAudiovisuales,CineActividadesAudiovisuales,
11716788,Lunaticos + animación,1,22:15,SAN BLAS-CANILLEJAS,HELLIN,28037,-3.622184001035289,40.42996840999023,contenido/actividades/CineActividadesAudiovisuales,CineActividadesAudiovisuales,
11716598,En un muelle de Normandía + corto,1,22:15,SAN BLAS-CANILLEJAS,HELLIN,28037,-3.622184001035289,40.42996840999023,contenido/actividades/CineActividadesAudiovisuales,CineActividadesAudiovisuales,
11716821,Un segundo + corto,1,22:15,SAN BLAS-CANILLEJAS,HELLIN,28037,-3.622184001035289,40.42996840999023,contenido/actividades/CineActividadesAudiovisuales,CineActividadesAudiovisuales,
11716678,Un lugar tranquilo 2 + corto,1,22:15,SAN BLAS-CANILLEJAS,HELLIN,28037,-3.622184001035289,40.42996840999023,contenido/actividades/CineActividadesAudiovisuales,CineActividadesAudiovisuales,
11718625,1917 + Corto,1,22:15,SAN BLAS-CANILLEJAS,HELLIN,28037,-3.622184001035289,40.42996840999023,contenido/actividades/CineActividadesAudiovisuales,CineActividadesAudiovisuales,
11716691,Tres pisos + corto,1,22:15,SAN BLAS-CANILLEJAS,HELLIN,28037,-3.622184001035289,40.42996840999023,contenido/actividades/CineActividadesAudiovisuales,CineActividadesAudiovisuales,
11716644,Drive my car + corto,1,22:15,SAN BLAS-CANILLEJAS,HELLIN,28037,-3.622184001035289,40.42996840999023,contenido/actividades/CineActividadesAudiovisuales,CineActividadesAudiovisuales,
11715333,El bebé jefazo 2: negocios de familia + animación,1,22:15,SAN BLAS-CANILLEJAS,HELLIN,28037,-3.622184001035289,40.42996840999023,contenido/actividades/CineActividadesAudiovisuales,CineActividadesAudiovisuales,
11715385,A todo tren! destino Asturias + animación,1,22:15,SAN BLAS-CANILLEJAS,HELLIN,28037,-3.622184001035289,40.42996840999023,contenido/actividades/CineActividadesAudiovisuales,CineActividadesAudiovisuales,
11718687,Spirit ? Indomable,1,22:15,SAN BLAS-CANILLEJAS,HELLIN,28037,-3.622184001035289,40.42996840999023,contenido/actividades/CineActividadesAudiovisuales,CineActividadesAudiovisuales,
11716571,Mujercitas + animación,1,22:15,SAN BLAS-CANILLEJAS,HELLIN,28037,-3.622184001035289,40.42996840999023,contenido/actividades/CineActividadesAudiovisuales,CineActividadesAudiovisuales,
11715291,Maixabel + corto,1,22:15,SAN BLAS-CANILLEJAS,HELLIN,28037,-3.622184001035289,40.42996840999023,contenido/actividades/CineActividadesAudiovisuales,CineActividadesAudiovisuales,
11715355,Nomadland corto,1,22:15,SAN BLAS-CANILLEJAS,HELLIN,28037,-3.622184001035289,40.42996840999023,contenido/actividades/CineActividadesAudiovisuales,CineActividadesAudiovisuales,
11716835,Calamati + animación,1,22:15,SAN BLAS-CANILLEJAS,HELLIN,28037,-3.622184001035289,40.42996840999023,contenido/actividades/CineActividadesAudiovisuales,CineActividadesAudiovisuales,
11572214,Curso de relajación para jóvenes hasta 40 años.,1,18:30,CENTRO,JUSTICIA,28004,-3.699722994908341,40.426642215368176,contenido/actividades/CursosTalleres,CursosTalleres,
11695031,Club de Teatro 'Vargas Llosa',1,17:00,CENTRO,JUSTICIA,28004,-3.699722994908341,40.426642215368176,contenido/actividades/TeatroPerformance,TeatroPerformance,
11713139,Reading club. Club de lectura en inglés,1,19:00,CENTRO,JUSTICIA,28004,-3.699722994908341,40.426642215368176,contenido/actividades/ClubesLectura,ClubesLectura,
11688186,Taller Aprende a conocerte y a superar tus dificultades,1,18:00,CENTRO,JUSTICIA,28004,-3.699722994908341,40.426642215368176,contenido/actividades/CursosTalleres,CursosTalleres,
11709285,Concurso de cine de verano: ¡Un baile de cine!,1,,CENTRO,JUSTICIA,28004,-3.699722994908341,40.426642215368176,contenido/actividades/ConcursosCertamenes,ConcursosCertamenes,
11647602,Exposición 'Madrid hace un siglo.1900-1936. (Archivo ABC)',1,12:00,CENTRO,JUSTICIA,28004,-3.700845660719608,40.42577054821346,contenido/actividades/Exposiciones,Exposiciones,
10359034,Campamento CDM Vicente del Bosque,1,,FUENCARRAL-EL PARDO,LA PAZ,28029,-3.693540659747283,40.4789135943213,contenido/actividades/ActividadesDeportivas,ActividadesDeportivas,
11730730,Programa de actividades Centro Sociocultural Almirante Churruca,1,,LATINA,LAS AGUILAS,28024,-3.780089056410661,40.3829835905706,contenido/actividades/TeatroPerformance/ComediaMonologo,TeatroPerformance,ComediaMonologo
11730737,Programa de actividades en el Centro Cultural Miguel Hernández (Latina),1,,LATINA,LAS AGUILAS,28044,-3.781961611303212,40.378853797128336,contenido/actividades/DanzaBaile,DanzaBaile,
11731472,Expofotopoesía: 'Cerrando el círculo. Sueños Callejeros',1,,LATINA,LAS AGUILAS,28044,-3.761911556533903,40.38513183038149,contenido/actividades/Exposiciones,Exposiciones,
11730725,Programa de Actividades Auditorio Paco de Lucía (Latina),1,,LATINA,LAS AGUILAS,28044,-3.761911556533903,40.38513183038149,contenido/actividades/ProgramacionDestacadaAgendaCultura,ProgramacionDestacadaAgendaCultura,
11710537,Pinocchio,1,22:00,ARGANZUELA,LEGAZPI,28045,-3.685391155439898,40.390944081814816,contenido/actividades/CineActividadesAudiovisuales,CineActividadesAudiovisuales,
11710554,Space Jam,1,22:00,ARGANZUELA,LEGAZPI,28045,-3.685391155439898,40.390944081814816,contenido/actividades/CineActividadesAudiovisuales,CineActividadesAudiovisuales,
11710574,Tom y Jerry,1,22:00,ARGANZUELA,LEGAZPI,28045,-3.685391155439898,40.390944081814816,contenido/actividades/CineActividadesAudiovisuales,CineActividadesAudiovisuales,
11710566,Cry Macho,1,22:00,ARGANZUELA,LEGAZPI,28045,-3.685391155439898,40.390944081814816,contenido/actividades/CineActividadesAudiovisuales,CineActividadesAudiovisuales,
11710423,Con quién viajas,1,22:00,ARGANZUELA,LEGAZPI,28045,-3.685391155439898,40.390944081814816,contenido/actividades/CineActividadesAudiovisuales,CineActividadesAudiovisuales,
11710469,El tubo,1,22:00,ARGANZUELA,LEGAZPI,28045,-3.685391155439898,40.390944081814816,contenido/actividades/CineActividadesAudiovisuales,CineActividadesAudiovisuales,
11710415,De la India a París en un armario Ikea,1,,ARGANZUELA,LEGAZPI,28045,-3.685391155439898,40.390944081814816,contenido/actividades/CineActividadesAudiovisuales,CineActividadesAudiovisuales,
11710518,El verano que vivimos,1,22:00,ARGANZUELA,LEGAZPI,28045,-3.685391155439898,40.390944081814816,contenido/actividades/CineActividadesAudiovisuales,CineActividadesAudiovisuales,
11685931,Campamento urbano. Verano 2022. Distrito de Villaverde,1,,VILLAVERDE,LOS ANGELES,28021,-3.697947728073592,40.34949911149915,contenido/actividades/Campamentos,Campamentos,
11732514,Muestra de Artistas Jóvenes 'Plácido Fleitas',1,,RETIRO,LOS JERONIMOS,28009,-3.684061538792696,40.41906024374356,contenido/actividades/Exposiciones,Exposiciones,
11727206,Mujeres infieles,1,19:00,RETIRO,LOS JERONIMOS,28009,-3.684061538792696,40.41906024374356,contenido/actividades/TeatroPerformance,TeatroPerformance,
11715857,'La búsqueda del tesoro' e impresión de huellas de animales en arcilla,1,11:00,RETIRO,LOS JERONIMOS,28009,-3.679329078518436,40.40911512464532,contenido/actividades/CursosTalleres,CursosTalleres,
11717185,(Taller) Descubriendo el teatro de Títeres - Javier Aranda (Aragón),1,,RETIRO,LOS JERONIMOS,28009,-3.684061538792696,40.41906024374356,contenido/actividades/CuentacuentosTiteresMarionetas,CuentacuentosTiteresMarionetas,
11555983,Dulce agua,0,,RETIRO,LOS JERONIMOS,28014,-3.692206111679657,40.419011767401095,contenido/actividades/ProgramacionDestacadaAgendaCultura,ProgramacionDestacadaAgendaCultura,
11578946,"Schallfeld Ensemble Obras de Arnold Schoenberg, Francisco Guerrero, Salvatore Sciarrino y Anna Korsun",0,,RETIRO,LOS JERONIMOS,28014,-3.692206111679657,40.419011767401095,contenido/actividades/Musica,Musica,
11716753,(TALLER) Live Cinematurgias. Uso y control de la imagen en escena - Cinema Sticado (Galicia),1,10:00,RETIRO,LOS JERONIMOS,28009,-3.684061538792696,40.41906024374356,contenido/actividades/CuentacuentosTiteresMarionetas,CuentacuentosTiteresMarionetas,
11555995,Archivos Lambda. El proyecto del Museo Munch de Oslo,1,,RETIRO,LOS JERONIMOS,28014,-3.692206111679657,40.419011767401095,contenido/actividades/ProgramacionDestacadaAgendaCultura,ProgramacionDestacadaAgendaCultura,
11716168,Cibeles de Cine,0,,RETIRO,LOS JERONIMOS,28014,-3.692206111679657,40.419011767401095,contenido/actividades/ProgramacionDestacadaAgendaCultura,ProgramacionDestacadaAgendaCultura,
11700587,The pop art culture,0,,RETIRO,LOS JERONIMOS,28014,-3.692206111679657,40.419011767401095,contenido/actividades/ProgramacionDestacadaAgendaCultura,ProgramacionDestacadaAgendaCultura,
11688087,Arquitectura Atemporal 2022,0,,RETIRO,LOS JERONIMOS,28014,-3.692206111679657,40.419011767401095,contenido/actividades/ProgramacionDestacadaAgendaCultura,ProgramacionDestacadaAgendaCultura,
11715717,Taller 'Gestión de los residuos del hogar: Elaboración de jabón a partir de aceite usado',1,11:00,RETIRO,LOS JERONIMOS,28009,-3.679329078518436,40.40911512464532,contenido/actividades/ItinerariosOtrasActividadesAmbientales,ItinerariosOtrasActividadesAmbientales,
11578949,"Die Ordnung der Dinge Obras de Mayke Nas, Sonia Megías, Alexander Schubert, James Saunders, Thierry de Mey, Matthew Sholomowitz, Allison Knowles y Yoko Ono",0,,RETIRO,LOS JERONIMOS,28014,-3.692206111679657,40.419011767401095,contenido/actividades/Musica,Musica,
11669502,Fotografía pública,1,,RETIRO,LOS JERONIMOS,28014,-3.692206111679657,40.419011767401095,contenido/actividades/ProgramacionDestacadaAgendaCultura,ProgramacionDestacadaAgendaCultura,
11711262,Ciudad Adentro,0,,RETIRO,LOS JERONIMOS,28014,-3.692206111679657,40.419011767401095,contenido/actividades/ProgramacionDestacadaAgendaCultura,ProgramacionDestacadaAgendaCultura,
11715690,Senda 'El verano en el Retiro',1,,RETIRO,LOS JERONIMOS,28009,-3.679329078518436,40.40911512464532,contenido/actividades/ItinerariosOtrasActividadesAmbientales,ItinerariosOtrasActividadesAmbientales,
11717046,Ven y reconoce los insectos y otros pequeños habitantes de La Cabaña,1,11:00,RETIRO,LOS JERONIMOS,28009,-3.679329078518436,40.40911512464532,contenido/actividades/ItinerariosOtrasActividadesAmbientales,ItinerariosOtrasActividadesAmbientales,
11707215,Concierto de la Banda Sinfónica Municipal. Domingo 24 de julio de 2022,1,12:00,RETIRO,LOS JERONIMOS,28001,-3.68793370943788,40.41964087412762,contenido/actividades/Musica,Musica,
11724194,Copying Claudia,1,,RETIRO,LOS JERONIMOS,28009,-3.684061538792696,40.41906024374356,contenido/actividades/Exposiciones,Exposiciones,
11725318,Ana María Puente 'La Pelirroja',1,19:00,RETIRO,LOS JERONIMOS,28009,-3.684061538792696,40.41906024374356,contenido/actividades/Musica,Musica,
11733192,Despedida Copying Claudia,1,19:00,RETIRO,LOS JERONIMOS,28009,-3.684061538792696,40.41906024374356,contenido/actividades/CineActividadesAudiovisuales,CineActividadesAudiovisuales,
11711265,Entre río y raíles,0,,RETIRO,LOS JERONIMOS,28014,-3.692206111679657,40.419011767401095,contenido/actividades/ProgramacionDestacadaAgendaCultura,ProgramacionDestacadaAgendaCultura,
11727221,Anecdotario,1,18:00,RETIRO,LOS JERONIMOS,28009,-3.684061538792696,40.41906024374356,contenido/actividades/TeatroPerformance,TeatroPerformance,
11715646,Senda 'las plantas vivaces del Retiro',1,,RETIRO,LOS JERONIMOS,28009,-3.679329078518436,40.40911512464532,contenido/actividades/ItinerariosOtrasActividadesAmbientales,ItinerariosOtrasActividadesAmbientales,
11715917,"'Clic, clac, ¡a reciclar!'",1,11:00,RETIRO,LOS JERONIMOS,28009,-3.679329078518436,40.40911512464532,contenido/actividades/ItinerariosOtrasActividadesAmbientales,ItinerariosOtrasActividadesAmbientales,
11717104,Mirador Madrid,0,,RETIRO,LOS JERONIMOS,28014,-3.692206111679657,40.419011767401095,contenido/actividades/ActividadesCalleArteUrbano,ActividadesCalleArteUrbano,
11716378,Parias. Javier Aranda (Aragón),1,22:00,RETIRO,LOS JERÓNIMOS,28009,-3.6866519471003647,40.41878362561595,contenido/actividades/CuentacuentosTiteresMarionetas,CuentacuentosTiteresMarionetas,
11713825,Fin de temporada - Cinema Sticado (Galicia),0,19:30,RETIRO,LOS JERÓNIMOS,28009,-3.6866519471003647,40.41878362561595,contenido/actividades/CuentacuentosTiteresMarionetas,CuentacuentosTiteresMarionetas,
11714086,Giuseppe y Peppina - El Retablo (Madrid),1,,RETIRO,LOS JERÓNIMOS,28009,-3.6866519471003647,40.41878362561595,contenido/actividades/CuentacuentosTiteresMarionetas,CuentacuentosTiteresMarionetas,
11715623,"Cuentos mágicos, Kamishibai - Teatro Los Claveles (Región de Murcia)",0,19:30,RETIRO,LOS JERÓNIMOS,28009,-3.6866519471003647,40.41878362561595,contenido/actividades/CuentacuentosTiteresMarionetas,CuentacuentosTiteresMarionetas,
11713493,Pato Feo,0,,RETIRO,LOS JERÓNIMOS,28009,-3.6866519471003647,40.41878362561595,contenido/actividades/CuentacuentosTiteresMarionetas,CuentacuentosTiteresMarionetas,
11715682,The Puppet Show - Man - Yeung Faï (Francia / China),1,,RETIRO,LOS JERÓNIMOS,28009,-3.6866519471003647,40.41878362561595,contenido/actividades/CuentacuentosTiteresMarionetas,CuentacuentosTiteresMarionetas,
11692689,"Fabularia, El gallo Kikirigallo - La Carreta Teatro (Comunidad valenciana)",0,19:30,RETIRO,LOS JERÓNIMOS,28009,-3.6866519471003647,40.41878362561595,contenido/actividades/CuentacuentosTiteresMarionetas,CuentacuentosTiteresMarionetas,
11716536,Lover - Andrés Beladíez &amp; Marta Marco (Castilla La Mancha),1,22:00,RETIRO,LOS JERÓNIMOS,28009,-3.6866519471003647,40.41878362561595,contenido/actividades/CuentacuentosTiteresMarionetas,CuentacuentosTiteresMarionetas,
11713705,La Chef Pipa - Coma14 (Baleares),0,19:30,RETIRO,LOS JERÓNIMOS,28009,-3.6866519471003647,40.41878362561595,contenido/actividades/CuentacuentosTiteresMarionetas,CuentacuentosTiteresMarionetas,
11715681,Descalabro - Companya Matito Titelles (Cataluña),1,19:00,RETIRO,LOS JERÓNIMOS,28009,-3.6866519471003647,40.41878362561595,contenido/actividades/CuentacuentosTiteresMarionetas,CuentacuentosTiteresMarionetas,
11692728,Chinchulina y el Ruiseñor de la China - La Canica Teatro (Madrid),1,,RETIRO,LOS JERÓNIMOS,28009,-3.6866519471003647,40.41878362561595,contenido/actividades/CuentacuentosTiteresMarionetas,CuentacuentosTiteresMarionetas,
11715226,LOVO - Teatro Lafauna (Madrid),1,22:00,RETIRO,LOS JERÓNIMOS,28009,-3.6866519471003647,40.41878362561595,contenido/actividades/CuentacuentosTiteresMarionetas,CuentacuentosTiteresMarionetas,
11713777,"Alfredo, El coleccionista de mariposass - S.A. Marionetas (Portugal)",0,19:00,RETIRO,LOS JERÓNIMOS,28009,-3.6866519471003647,40.41878362561595,contenido/actividades/CuentacuentosTiteresMarionetas,CuentacuentosTiteresMarionetas,
11730733,Programa de actividades en el Centro Cultural José Luis Sampedro (Latina),1,,LATINA,LUCERO,28047,-3.749110841406562,40.40159394334669,contenido/actividades/TeatroPerformance/ComediaMonologo,TeatroPerformance,ComediaMonologo
11730752,Programa de actividades en el Centro Sociocultural El Greco (Latina),1,,LATINA,LUCERO,28011,-3.747465416906973,40.407316328180464,contenido/actividades/TeatroPerformance/ComediaMonologo,TeatroPerformance,ComediaMonologo
10074805,Campamento Urbano CC Alfredo Kraus segunda quincena,1,,FUENCARRAL-EL PARDO,MIRASIERRA,28035,-3.7216054330053647,40.49082275610172,contenido/actividades/Campamentos,Campamentos,
11722812,Día Internacional del Trabajo Doméstico. Visibilizando nuestros derechos,1,10:00,USERA,ORCASITAS,28041,-3.710212677306876,40.36902428128397,contenido/actividades/CursosTalleres,CursosTalleres,
11728785,Hablar de depresión es bueno,1,18:30,USERA,ORCASUR,28041,-3.701141063083806,40.366768324753416,contenido/actividades/ConferenciasColoquios,ConferenciasColoquios,
11733502,'Juega en tu biblioteca',1,10:30,USERA,ORCASUR,28041,-3.701141063083806,40.366768324753416,contenido/actividades/CursosTalleres,CursosTalleres,
11727033,El Cid Campeador,1,20:00,RETIRO,PACIFICO,28007,-3.677282629832909,40.402190438836826,contenido/actividades/TeatroPerformance,TeatroPerformance,
11723004,Annabelle vuelve a casa,1,22:00,RETIRO,PACIFICO,28007,-3.677282629832909,40.402190438836826,contenido/actividades/CineActividadesAudiovisuales,CineActividadesAudiovisuales,
11729439,10 de la AEPE,1,,RETIRO,PACIFICO,28007,-3.677282629832909,40.402190438836826,contenido/actividades/Exposiciones,Exposiciones,
11723001,Pokémon detective Pikachu,1,22:00,RETIRO,PACIFICO,28007,-3.677282629832909,40.402190438836826,contenido/actividades/CineActividadesAudiovisuales,CineActividadesAudiovisuales,
11717863,'Nuestra tertulia',1,18:30,RETIRO,PACIFICO,28007,-3.677282629832909,40.402190438836826,contenido/actividades/ConferenciasColoquios,ConferenciasColoquios,
11721766,Pinocho,1,22:00,RETIRO,PACIFICO,28007,-3.677282629832909,40.402190438836826,contenido/actividades/CineActividadesAudiovisuales,CineActividadesAudiovisuales,
11726937,Tina Calcetina o de cómo Tina conoce el valor de la amistad.,1,20:00,RETIRO,PACIFICO,28007,-3.677282629832909,40.402190438836826,contenido/actividades/TeatroPerformance,TeatroPerformance,
11724050,Dune,1,22:00,RETIRO,PACIFICO,28007,-3.677282629832909,40.402190438836826,contenido/actividades/CineActividadesAudiovisuales,CineActividadesAudiovisuales,
11719140,IV Certamen Literario de poesía y relato corto Clara Campoamor,1,,RETIRO,PACIFICO,28007,-3.677282629832909,40.402190438836826,contenido/actividades/ConcursosCertamenes,ConcursosCertamenes,
11727005,Jugar a jugar.,1,20:00,RETIRO,PACIFICO,28007,-3.677282629832909,40.402190438836826,contenido/actividades/TeatroPerformance,TeatroPerformance,
11724039,Muerte de un ciclista,1,22:00,RETIRO,PACIFICO,28007,-3.677282629832909,40.402190438836826,contenido/actividades/CineActividadesAudiovisuales,CineActividadesAudiovisuales,
11557504,Club de lectura japonesa,1,18:00,CENTRO,PALACIO,28005,-3.709859121273588,40.41410290844665,contenido/actividades/ClubesLectura,ClubesLectura,
11711722,Exposición 'Rincón de lectura SinSombrero',1,,CENTRO,PALACIO,28005,-3.709859121273588,40.41410290844665,contenido/actividades/Exposiciones,Exposiciones,
11706782,"'Libertad para amar', una exposición artística de Pury Gazituaga",1,,CENTRO,PALACIO,28005,-3.709859121273588,40.41410290844665,contenido/actividades/Exposiciones,Exposiciones,
11730513,Eufórica (Réquiem en dopamina),0,,ARGANZUELA,PALOS DE MOGUER,28012,-3.698601359753866,40.40596423138839,contenido/actividades/ProgramacionDestacadaAgendaCultura,ProgramacionDestacadaAgendaCultura,
11685731,Campamento del Price 2022,0,,ARGANZUELA,PALOS DE MOGUER,28012,-3.698601359753866,40.40596423138839,contenido/actividades/ProgramacionDestacadaAgendaCultura,ProgramacionDestacadaAgendaCultura,
11730478,FIRCO 2022,0,,ARGANZUELA,PALOS DE MOGUER,28012,-3.698601359753866,40.40596423138839,contenido/actividades/ProgramacionDestacadaAgendaCultura,ProgramacionDestacadaAgendaCultura,
11433385,El amor está en el agua,1,22:00,FUENCARRAL-EL PARDO,PEÑA GRANDE,28035,-3.717566523014736,40.476792184653526,contenido/actividades/ActividadesCalleArteUrbano,ActividadesCalleArteUrbano,
11433389,Mientras dure la guerra,1,22:00,FUENCARRAL-EL PARDO,PEÑA GRANDE,28035,-3.717566523014736,40.476792184653526,contenido/actividades/ActividadesCalleArteUrbano,ActividadesCalleArteUrbano,
10358846,Campamento Urbano CSC Rafael de León segunda quincena,1,,FUENCARRAL-EL PARDO,PEÑA GRANDE,28035,-3.7214686777952974,40.48025613358832,contenido/actividades/Campamentos,Campamentos,
11433386,Mamma mía una y otra vez,1,22:00,FUENCARRAL-EL PARDO,PEÑA GRANDE,28035,-3.717566523014736,40.476792184653526,contenido/actividades/ActividadesCalleArteUrbano,ActividadesCalleArteUrbano,
11433394,Casablanca,1,22:00,FUENCARRAL-EL PARDO,PEÑA GRANDE,28035,-3.717566523014736,40.476792184653526,contenido/actividades/ActividadesCalleArteUrbano,ActividadesCalleArteUrbano,
11727150,Creación de marionetas con materiales reutilizados,1,11:00,USERA,PRADOLONGO,28026,-3.7032220308808577,40.374166248648216,contenido/actividades/CursosTalleres,CursosTalleres,
11727144,Construye un divertido juego de mesa: 'El Mancala',1,11:00,USERA,PRADOLONGO,28026,-3.7032220308808577,40.374166248648216,contenido/actividades/CursosTalleres,CursosTalleres,
11727220,Un Madrid diferente.,1,,USERA,PRADOLONGO,28026,-3.7032220308808577,40.374166248648216,contenido/actividades/Exposiciones,Exposiciones,
11727097,¡Aprendemos a cantar!,1,11:30,USERA,PRADOLONGO,28026,-3.7032220308808577,40.374166248648216,contenido/actividades/CursosTalleres,CursosTalleres,
11726083,Descubre las aves de Pradolongo,1,10:00,USERA,PRADOLONGO,28026,-3.7032220308808577,40.374166248648216,contenido/actividades/ActividadesCalleArteUrbano,ActividadesCalleArteUrbano,
11702618,Descubre Pradolongo,1,10:00,USERA,PRADOLONGO,28026,-3.7032220308808577,40.374166248648216,contenido/actividades/ActividadesCalleArteUrbano,ActividadesCalleArteUrbano,
11727158,Trio de Jazz,1,21:30,USERA,PRADOLONGO,28026,-3.7032220308808577,40.374166248648216,contenido/actividades/Musica,Musica,
11727089,Inventos solares. Creamos nuestro propio reloj de sol,1,11:00,USERA,PRADOLONGO,28026,-3.7032220308808577,40.374166248648216,contenido/actividades/CursosTalleres,CursosTalleres,
11726001,Gymkana por el Parque de Pradolongo,1,10:00,USERA,PRADOLONGO,28026,-3.7032220308808577,40.374166248648216,contenido/actividades/ActividadesCalleArteUrbano,ActividadesCalleArteUrbano,
11729093,EXPOSICION DE FOTOGRAFIA. La imagen revelada,1,,CIUDAD LINEAL,PUEBLO NUEVO,28037,-3.6372924261150033,40.43644651057092,contenido/actividades/Exposiciones,Exposiciones,
11732759,Cuerdas y metales,1,20:30,LATINA,PUERTA DEL ANGEL,28011,-3.725711256326908,40.41294142675344,contenido/actividades/DanzaBaile/Flamenco,DanzaBaile,Flamenco
11730919,Programa de actividades en el Centro Sociocultural Rosario de Acuña (Latina),1,,LATINA,PUERTA DEL ANGEL,28011,-3.732701092024204,40.40647389284976,contenido/actividades/TeatroPerformance/ComediaMonologo,TeatroPerformance,ComediaMonologo
11732776,Gregorio Moya,1,20:30,LATINA,PUERTA DEL ANGEL,28011,-3.725711256326908,40.41294142675344,contenido/actividades/Musica/Flamenco,Musica,Flamenco
11732772,Ricardo Fernández del Moral,1,20:30,LATINA,PUERTA DEL ANGEL,28011,-3.725711256326908,40.41294142675344,contenido/actividades/Musica/Flamenco,Musica,Flamenco
11732780,Fernando Canela,1,20:30,LATINA,PUERTA DEL ANGEL,28011,-3.725711256326908,40.41294142675344,contenido/actividades/Musica/Flamenco,Musica,Flamenco
11662648,'El juego de los objetivos de desarrollo sostenible',1,12:00,SALAMANCA,RECOLETOS,28001,-3.6825349481985135,40.42682615950744,contenido/actividades/1ciudad21distritos,1ciudad21distritos,
11688172,Taller de Freestyle (Salamanca),1,17:00,SALAMANCA,RECOLETOS,28001,-3.6825349481985135,40.42682615950744,contenido/actividades/1ciudad21distritos,1ciudad21distritos,
11692695,Viajeros del mañana (Salamanca),0,17:00,SALAMANCA,RECOLETOS,28001,-3.6825349481985135,40.42682615950744,contenido/actividades/1ciudad21distritos,1ciudad21distritos,
11714170,Historias de Madrid,1,,SAN BLAS-CANILLEJAS,REJAS,28022,-3.572741163820915,40.446818592300296,contenido/actividades/Exposiciones,Exposiciones,
11718600,Exposición de pintura de Eduardo Mezquida,1,,SAN BLAS-CANILLEJAS,REJAS,28022,-3.5980969888187397,40.44842892576264,contenido/actividades/Exposiciones,Exposiciones,
11718612,Exposición de pintura de José Antonio Martinez Porras,1,,SAN BLAS-CANILLEJAS,REJAS,28022,-3.572741163820915,40.446818592300296,contenido/actividades/Exposiciones,Exposiciones,
11720568,Tardes dulces: postre rápido,1,19:00,CHAMBERI,RIOS ROSAS,28003,-3.703467785151993,40.44661949643803,contenido/actividades/CineActividadesAudiovisuales,CineActividadesAudiovisuales,
11344258,Chambéate,1,16:00,CHAMBERI,RIOS ROSAS,28003,-3.703467785151993,40.44661949643803,contenido/actividades/CineActividadesAudiovisuales,CineActividadesAudiovisuales,
11726259,Una mirada contemporanea,0,08:30,SAN BLAS-CANILLEJAS,ROSAS,28022,-3.610566231192745,40.43329162597362,contenido/actividades/Exposiciones,Exposiciones,
11734813,Toma de contacto desde cero con el uso de un ordenador,1,10:00,SAN BLAS-CANILLEJAS,ROSAS,28022,-3.610566231192745,40.43329162597362,contenido/actividades/CursosTalleres,CursosTalleres,
11724794,Godzilla VS Kong,1,22:30,USERA,SAN FERMIN,28041,-3.6914252404682895,40.379565707685856,contenido/actividades/CineActividadesAudiovisuales,CineActividadesAudiovisuales,
11712520,¡Cine de Verano en familia!,1,12:00,USERA,SAN FERMIN,28041,-3.692742821990015,40.3711623444796,contenido/actividades/CineActividadesAudiovisuales,CineActividadesAudiovisuales,
11709060,Ludoteca,1,18:00,USERA,SAN FERMIN,28041,-3.692742821990015,40.3711623444796,contenido/actividades/CursosTalleres,CursosTalleres,
11704884,'Poesía eres tú somos todos',1,19:00,USERA,SAN FERMIN,28041,-3.692742821990015,40.3711623444796,contenido/actividades/ConferenciasColoquios,ConferenciasColoquios,
11694234,XXXVII Muestra del Libro Infantil y Juvenil,1,,USERA,SAN FERMIN,28041,-3.692742821990015,40.3711623444796,contenido/actividades/Exposiciones,Exposiciones,
11724798,Los Croods 2,1,22:30,USERA,SAN FERMIN,28041,-3.6914252404682895,40.379565707685856,contenido/actividades/CineActividadesAudiovisuales,CineActividadesAudiovisuales,
11732665,Cuentacuentos en el jardín,1,10:30,USERA,SAN FERMIN,28041,-3.692742821990015,40.3711623444796,contenido/actividades/CuentacuentosTiteresMarionetas,CuentacuentosTiteresMarionetas,
11732867,El mejor pádel llega en septiembre a la Caja Mágica,0,,USERA,SAN FERMIN,28041,-3.685252060454517,40.36907980843444,contenido/actividades/ActividadesDeportivas,ActividadesDeportivas,
11507581,Sanando en red: sanación colectiva frente a la violencia machista,1,,CARABANCHEL,SAN ISIDRO,28019,-3.721622686264932,40.395326406887946,contenido/actividades/Exposiciones,Exposiciones,
11688233,Taller de emociones a través del rap (Ciudad Lineal),1,12:00,CIUDAD LINEAL,SAN JUAN BAUTISTA,28043,-3.6580402287911937,40.45224737965276,contenido/actividades/1ciudad21distritos,1ciudad21distritos,
11720760,Orgullo de Valientes. Exposición fotográfica,1,10:00,CIUDAD LINEAL,SAN PASCUAL,28027,-3.6534806246311913,40.442311100791215,contenido/actividades/Exposiciones,Exposiciones,
11675424,Grupo de búsqueda de empleo para mujeres mayores de 52 años,1,11:00,CIUDAD LINEAL,SAN PASCUAL,28027,-3.6534806246311913,40.442311100791215,contenido/actividades/CursosTalleres,CursosTalleres,
11591790,Ari Tavares - Villa de Vallecas,1,20:00,VILLA DE VALLECAS,SANTA EUGENIA,28031,-3.616901585603186,40.37953682427198,contenido/actividades/1ciudad21distritos,1ciudad21distritos,
11663780,MELINDRES DE CIA. KAZO,1,19:00,VILLA DE VALLECAS,SANTA EUGENIA,28031,-3.616901585603186,40.37953682427198,contenido/actividades/DanzaBaile,DanzaBaile,
11593905,Taller de Beatbox - Villa de Vallecas,1,11:00,VILLA DE VALLECAS,SANTA EUGENIA,28031,-3.616901585603186,40.37953682427198,contenido/actividades/1ciudad21distritos,1ciudad21distritos,
11663822,Taller de teatro,1,18:00,VILLA DE VALLECAS,SANTA EUGENIA,28031,-3.616901585603186,40.37953682427198,contenido/actividades/DanzaBaile,DanzaBaile,
11568063,Sanando en red. Laboratorio fotográfico para la sanación colectiva frente a la violencia machista,1,,BARAJAS,TIMON,28042,-3.592395079190456,40.47365910497536,contenido/actividades/Exposiciones,Exposiciones,
11724432,Exposición: 'Las puertas de Yuendumu: arte aborigen australiano',1,08:30,CENTRO,UNIVERSIDAD,28015,-3.7105999955473625,40.42738668300474,contenido/actividades/Exposiciones,Exposiciones,
11725093,Veranos de la Villa,0,,CENTRO,UNIVERSIDAD,28015,-3.710182353581842,40.42802889001877,contenido/actividades/ProgramacionDestacadaAgendaCultura,ProgramacionDestacadaAgendaCultura,
11727278,Madrid sigue siendo barrio,1,11:00,CENTRO,UNIVERSIDAD,28015,-3.710240346719518,40.427938443518215,contenido/actividades/CursosTalleres,CursosTalleres,
11726044,Rüdiger Safranski 'La dicha del conocimiento y la pérdida de las buenas razones',0,19:30,CENTRO,UNIVERSIDAD,28015,-3.710182353581842,40.42802889001877,contenido/actividades/ConferenciasColoquios,ConferenciasColoquios,
11723015,Una voz / Una imagen,0,,CENTRO,UNIVERSIDAD,28015,-3.710182353581842,40.42802889001877,contenido/actividades/ProgramacionDestacadaAgendaCultura,ProgramacionDestacadaAgendaCultura,
11727208,Madrid sigue siendo barrio,1,11:00,CENTRO,UNIVERSIDAD,28015,-3.710240346719518,40.427938443518215,contenido/actividades/CursosTalleres,CursosTalleres,
11727268,Madrid sigue siendo barrio,1,11:00,CENTRO,UNIVERSIDAD,28015,-3.710240346719518,40.427938443518215,contenido/actividades/CursosTalleres,CursosTalleres,
11727160,Madrid sigue siendo barrio,1,11:00,CENTRO,UNIVERSIDAD,28015,-3.710240346719518,40.427938443518215,contenido/actividades/CursosTalleres,CursosTalleres,
11723009,Roger Bernat. Dormifestación,0,,CENTRO,UNIVERSIDAD,28015,-3.710182353581842,40.42802889001877,contenido/actividades/ProgramacionDestacadaAgendaCultura,ProgramacionDestacadaAgendaCultura,
11727271,Madrid sigue siendo barrio,1,11:00,CENTRO,UNIVERSIDAD,28015,-3.710240346719518,40.427938443518215,contenido/actividades/CursosTalleres,CursosTalleres,
11684054,"Madrid, capital cultural. Un recorrido por carteles madrileños (1880-1980)",1,12:00,CENTRO,UNIVERSIDAD,28015,-3.7116123357920814,40.425879483969005,contenido/actividades/Exposiciones,Exposiciones,
11559587,Portadas míticas del pop/rock (de los 60 a los 80),1,,CENTRO,UNIVERSIDAD,28015,-3.7106116887809817,40.42737760210632,contenido/actividades/Exposiciones,Exposiciones,
11509120,PENSAMIENTO,0,,CENTRO,UNIVERSIDAD,28015,-3.710182353581842,40.42802889001877,contenido/actividades/ConferenciasColoquios,ConferenciasColoquios,
11723394,Rocío Márquez y Bronquio,0,20:30,CENTRO,UNIVERSIDAD,28015,-3.710182353581842,40.42802889001877,contenido/actividades/ProgramacionDestacadaAgendaCultura,ProgramacionDestacadaAgendaCultura,
11707241,Concierto extraordinario 22 de julio - Veranos de la Villa,1,21:30,CENTRO,UNIVERSIDAD,28015,-3.710182353581842,40.42802889001877,contenido/actividades/Musica,Musica,
11723048,Laboratorio artístico Escuela de invierno 2022/2023,0,,CENTRO,UNIVERSIDAD,28015,-3.710182353581842,40.42802889001877,contenido/actividades/ProgramacionDestacadaAgendaCultura,ProgramacionDestacadaAgendaCultura,
11580079,Elii (Oficina de Arquitectura) Machanguitos,0,,CENTRO,UNIVERSIDAD,28015,-3.710182353581842,40.42802889001877,contenido/actividades/ProgramacionDestacadaAgendaCultura,ProgramacionDestacadaAgendaCultura,
11726296,Festival Blam !!! 2022,0,20:00,CENTRO,UNIVERSIDAD,28015,-3.710182353581842,40.42802889001877,contenido/actividades/ProgramacionDestacadaAgendaCultura,ProgramacionDestacadaAgendaCultura,
11723012,Dora García. El bicho,0,,CENTRO,UNIVERSIDAD,28015,-3.710182353581842,40.42802889001877,contenido/actividades/ProgramacionDestacadaAgendaCultura,ProgramacionDestacadaAgendaCultura,
11707134,Los Vinil[o]s de Plásticos y Decibelios. La colección de Julián Ruiz,1,,CENTRO,UNIVERSIDAD,28015,-3.7116123357920814,40.425879483969005,contenido/actividades/Exposiciones,Exposiciones,
11433457,La pequeña bruja,1,22:00,FUENCARRAL-EL PARDO,VALVERDE,28034,-3.686124420025077,40.50021894773631,contenido/actividades/ActividadesCalleArteUrbano,ActividadesCalleArteUrbano,
11433462,Tom y Jerry,1,22:00,FUENCARRAL-EL PARDO,VALVERDE,28050,-3.675782908871657,40.50811764218944,contenido/actividades/ActividadesCalleArteUrbano,ActividadesCalleArteUrbano,
11433465,A todo tren destino Asturias,1,22:00,FUENCARRAL-EL PARDO,VALVERDE,28050,-3.675782908871657,40.50811764218944,contenido/actividades/ActividadesCalleArteUrbano,ActividadesCalleArteUrbano,
11591354,Biblioteca: Una habitación propia,1,10:00,FUENCARRAL-EL PARDO,VALVERDE,28034,-3.691637963321912,40.49120609425076,contenido/actividades/ClubesLectura,ClubesLectura,
10956107,Campamento Urbano CEIP Josep Tarradellas segunda quincena,1,,FUENCARRAL-EL PARDO,VALVERDE,28050,-3.670452271301756,40.50973426099199,contenido/actividades/Campamentos,Campamentos,
11704321,"Campamento Urbano CSC Valverde, segunda quincena",1,,FUENCARRAL-EL PARDO,VALVERDE,28034,-3.688007025609376,40.49504564211655,contenido/actividades/Campamentos,Campamentos,
11433172,El Gran Showman,1,22:00,FUENCARRAL-EL PARDO,VALVERDE,28034,-3.684471539316277,40.483895554775785,contenido/actividades/ActividadesCalleArteUrbano,ActividadesCalleArteUrbano,
11725208,Exposición retrospectiva de pintura,1,,FUENCARRAL-EL PARDO,VALVERDE,28034,-3.688007025609376,40.49504564211655,contenido/actividades/Exposiciones,Exposiciones,
11453163,Exposición 'Sanando en red: sanación colectiva frente a la violencia machista',1,,FUENCARRAL-EL PARDO,VALVERDE,28034,-3.691637963321912,40.49120609425076,contenido/actividades/Exposiciones,Exposiciones,
11433179,Un amigo extraordinario,1,22:00,FUENCARRAL-EL PARDO,VALVERDE,28034,-3.684471539316277,40.483895554775785,contenido/actividades/ActividadesCalleArteUrbano,ActividadesCalleArteUrbano,
11433174,La boda de Rosa,1,22:00,FUENCARRAL-EL PARDO,VALVERDE,28034,-3.684471539316277,40.483895554775785,contenido/actividades/ActividadesCalleArteUrbano,ActividadesCalleArteUrbano,
11457658,La gallina Turuleca,1,22:00,FUENCARRAL-EL PARDO,VALVERDE,28034,-3.684471539316277,40.483895554775785,contenido/actividades/ActividadesCalleArteUrbano,ActividadesCalleArteUrbano,
11433464,La La Land,1,22:00,FUENCARRAL-EL PARDO,VALVERDE,28050,-3.675782908871657,40.50811764218944,contenido/actividades/ActividadesCalleArteUrbano,ActividadesCalleArteUrbano,
11433459,La vida es bella,1,22:00,FUENCARRAL-EL PARDO,VALVERDE,28034,-3.686124420025077,40.50021894773631,contenido/actividades/ActividadesCalleArteUrbano,ActividadesCalleArteUrbano,
11433463,Los Goonies,1,22:00,FUENCARRAL-EL PARDO,VALVERDE,28050,-3.675782908871657,40.50811764218944,contenido/actividades/ActividadesCalleArteUrbano,ActividadesCalleArteUrbano,
7153670,Oficina de información juvenil,1,12:00,FUENCARRAL-EL PARDO,VALVERDE,28034,-3.690634208120328,40.49231828430878,contenido/actividades/Fiestas,Fiestas,
11433452,Peter Rabbit 2 a la fuga,1,22:00,FUENCARRAL-EL PARDO,VALVERDE,28034,-3.686124420025077,40.50021894773631,contenido/actividades/ActividadesCalleArteUrbano,ActividadesCalleArteUrbano,
11433176,La casa del reloj en la pared,1,22:00,FUENCARRAL-EL PARDO,VALVERDE,28034,-3.684471539316277,40.483895554775785,contenido/actividades/ActividadesCalleArteUrbano,ActividadesCalleArteUrbano,
11433458,Érase una vez,1,22:00,FUENCARRAL-EL PARDO,VALVERDE,28034,-3.686124420025077,40.50021894773631,contenido/actividades/ActividadesCalleArteUrbano,ActividadesCalleArteUrbano,
11660368,¿Cómo se llaman las niñas flamencas? - Ciudad Lineal,1,12:00,CIUDAD LINEAL,VENTAS,28017,-3.6504253324201104,40.42447060804354,contenido/actividades/DanzaBaile,DanzaBaile,
11660378,Muerdo - Moratalaz,1,19:00,MORATALAZ,VINATEROS,28030,-3.646536107063507,40.40609591857167,contenido/actividades/1ciudad21distritos,1ciudad21distritos,
